{
  "toggle_mod": true,
  "animation_speed": 185,
  "curve_points": [
    [
      0.19921875,
      0.86328125
    ]
  ]
}